﻿<?xml version="1.0" encoding="utf-8"?>
<DownloadTask>
  <ProjectInfo
    DeviceVersion="17.0.0.0"
    CreationTime="2023-07-17 01:43:07 (UTC)"
    Runtime="COLORADO"
    RtProjectName="比赛程序_LY.PC station[SIMATIC PC station - WinCC RT Advanced]"
    RtProjectFolderName="比赛程序_LY.PC station[SIMATIC PC station - WinCC RT Advanced]"
    DeviceType="PC-OP"
    DisplayOrientation="0"
    RTReleaseNo="17.0.0.0"
    ImageReleaseNo="17.0.0.0"
    RTCV="17.0.0.0"
    PRCV="17.0.0.0"
    FirmwareFileName=""
    RuntimeFileName=""
    RuntimeAddonFolderName="" />
  <FullDownload>pdata.fwc</FullDownload>
  <FullDownload
    type="ADMINDATA">pdata.pwx</FullDownload>
  <FullDownload>pdata.tfz</FullDownload>
  <FullDownload>ProjectSettings.hsf</FullDownload>
  <License
    type="WCRT021700">WinCC RT Advanced (512)</License>
  <License
    type="WCLORT9999">WinCC Logging for RT Advanced</License>
</DownloadTask>